image,category
boxer_1.jpg,boxer
boxer_10.jpg,boxer
boxer_100.jpg,boxer
boxer_107.jpg,boxer
boxer_109.jpg,boxer
boxer_11.jpg,boxer
boxer_110.jpg,boxer
boxer_119.jpg,boxer
boxer_122.jpg,boxer
boxer_126.jpg,boxer
boxer_127.jpg,boxer
boxer_128.jpg,boxer
boxer_129.jpg,boxer
boxer_130.jpg,boxer
boxer_133.jpg,boxer
boxer_138.jpg,boxer
boxer_139.jpg,boxer
boxer_140.jpg,boxer
boxer_142.jpg,boxer
boxer_143.jpg,boxer
boxer_144.jpg,boxer
boxer_145.jpg,boxer
boxer_146.jpg,boxer
boxer_148.jpg,boxer
boxer_149.jpg,boxer
boxer_150.jpg,boxer
boxer_16.jpg,boxer
boxer_17.jpg,boxer
boxer_19.jpg,boxer
boxer_2.jpg,boxer
boxer_21.jpg,boxer
boxer_22.jpg,boxer
boxer_25.jpg,boxer
boxer_27.jpg,boxer
boxer_28.jpg,boxer
boxer_29.jpg,boxer
boxer_30.jpg,boxer
boxer_34.jpg,boxer
boxer_35.jpg,boxer
boxer_37.jpg,boxer
boxer_39.jpg,boxer
boxer_40.jpg,boxer
boxer_42.jpg,boxer
boxer_43.jpg,boxer
boxer_44.jpg,boxer
boxer_45.jpg,boxer
boxer_46.jpg,boxer
boxer_47.jpg,boxer
boxer_49.jpg,boxer
boxer_50.jpg,boxer
boxer_51.jpg,boxer
boxer_52.jpg,boxer
boxer_53.jpg,boxer
boxer_58.jpg,boxer
boxer_59.jpg,boxer
boxer_6.jpg,boxer
boxer_60.jpg,boxer
boxer_61.jpg,boxer
boxer_62.jpg,boxer
boxer_64.jpg,boxer
boxer_65.jpg,boxer
boxer_66.jpg,boxer
boxer_70.jpg,boxer
boxer_76.jpg,boxer
boxer_77.jpg,boxer
boxer_78.jpg,boxer
boxer_79.jpg,boxer
boxer_8.jpg,boxer
boxer_83.jpg,boxer
boxer_86.jpg,boxer
boxer_87.jpg,boxer
boxer_88.jpg,boxer
boxer_9.jpg,boxer
boxer_91.jpg,boxer
boxer_94.jpg,boxer
boxer_96.jpg,boxer
boxer_97.jpg,boxer
boxer_98.jpg,boxer
boxer_99.jpg,boxer
